Handle,Title,Body (HTML),Vendor,Type,Tags,Published,Option1 Name,Option1 Value,Variant SKU,Variant Grams,Variant Inventory Tracker,Variant Inventory Qty,Variant Inventory Policy,Variant Fulfillment Service,Variant Price,Variant Compare At Price,Variant Requires Shipping,Variant Taxable,Image Src,Image Alt Text,Status
"canopy-12l-kitchen-composter","Canopy 12L Kitchen Composter","<p>Electric countertop digester with a sealed lid and charcoal filter. Turns daily scraps into a dry, soil-ready output overnight.</p><ul><li>Material: Recycled ABS</li><li>Size: 12.5"" × 11"" × 14""</li><li>Finish: Matte Sage</li><li>Highlight: 12L capacity</li><li>Weight: 18 lb</li></ul>","Verdance","Composters","composters, kitchen, electric, odor-lock","TRUE","Finish","Matte Sage","VD-001","8165","shopify","25","deny","manual","349.00","399.00","TRUE","TRUE","https://raw.githubusercontent.com/arcmonay/verdance/main/public/products/canopy-12l-kitchen-composter.webp","Canopy 12L Kitchen Composter","active"
"canopy-mini-4l-countertop-digester","Canopy Mini 4L Countertop Digester","<p>A compact electric unit for apartments and small kitchens. Quiet cycle, dishwasher-safe inner bucket.</p><ul><li>Material: Recycled ABS</li><li>Size: 9"" × 9"" × 11""</li><li>Finish: Soft White</li><li>Highlight: 4L capacity</li><li>Weight: 9 lb</li></ul>","Verdance","Composters","composters, kitchen, compact","TRUE","Finish","Soft White","VD-002","4082","shopify","25","deny","manual","199.00","229.00","TRUE","TRUE","https://raw.githubusercontent.com/arcmonay/verdance/main/public/products/canopy-mini-4l-countertop-digester.webp","Canopy Mini 4L Countertop Digester","active"
"root-outdoor-tumbler-50l","Root Outdoor Tumbler 50L","<p>Single-drum yard tumbler on a powder-coated frame. Mixes greens and browns without a pitchfork.</p><ul><li>Material: Recycled HDPE</li><li>Size: 28"" × 24"" × 36""</li><li>Finish: Forest Green</li><li>Highlight: 50L capacity</li><li>Weight: 22 lb</li></ul>","Verdance","Composters","composters, outdoor, tumbler","TRUE","Finish","Forest Green","VD-003","9979","shopify","25","deny","manual","129.00","149.00","TRUE","TRUE","https://raw.githubusercontent.com/arcmonay/verdance/main/public/products/root-outdoor-tumbler-50l.webp","Root Outdoor Tumbler 50L","active"
"root-dual-chamber-yard-tumbler","Root Dual-Chamber Yard Tumbler","<p>Two independent drums so one batch can cure while the other fills. Gear-assist rotation.</p><ul><li>Material: Recycled HDPE</li><li>Size: 42"" × 26"" × 38""</li><li>Finish: Slate</li><li>Highlight: Dual chamber</li><li>Weight: 34 lb</li></ul>","Verdance","Composters","composters, outdoor, dual","TRUE","Finish","Slate","VD-004","15422","shopify","25","deny","manual","189.00","219.00","TRUE","TRUE","https://raw.githubusercontent.com/arcmonay/verdance/main/public/products/root-dual-chamber-yard-tumbler.webp","Root Dual-Chamber Yard Tumbler","active"
"moss-electric-kitchen-composter","Moss Electric Kitchen Composter","<p>App-optional electric digester with a low-draw heating cycle and replaceable carbon filter.</p><ul><li>Material: Recycled ABS + stainless</li><li>Size: 13"" × 12"" × 15""</li><li>Finish: Graphite</li><li>Highlight: Energy Star</li><li>Weight: 21 lb</li></ul>","Verdance","Composters","composters, kitchen, energy-star","TRUE","Finish","Graphite","VD-005","9525","shopify","25","deny","manual","429.00","479.00","TRUE","TRUE","https://raw.githubusercontent.com/arcmonay/verdance/main/public/products/moss-electric-kitchen-composter.webp","Moss Electric Kitchen Composter","active"
"moss-quiet-cycle-digester","Moss Quiet-Cycle Digester","<p>Night-mode motor and insulated drum for open-plan kitchens. 8-hour default cycle.</p><ul><li>Material: Recycled ABS</li><li>Size: 12"" × 12"" × 14""</li><li>Finish: Matte Black</li><li>Highlight: Whisper-quiet</li><li>Weight: 19 lb</li></ul>","Verdance","Composters","composters, kitchen, quiet","TRUE","Finish","Matte Black","VD-006","8618","shopify","25","deny","manual","379.00","","TRUE","TRUE","https://raw.githubusercontent.com/arcmonay/verdance/main/public/products/moss-quiet-cycle-digester.webp","Moss Quiet-Cycle Digester","active"
"grove-smart-kitchen-composter","Grove Smart Kitchen Composter","<p>Wi-Fi status light, filter-life alerts, and a 5L bucket sized for a family of four.</p><ul><li>Material: Recycled ABS</li><li>Size: 12"" × 11"" × 13""</li><li>Finish: Copper Trim</li><li>Highlight: App-connected</li><li>Weight: 17 lb</li></ul>","Verdance","Composters","composters, kitchen, smart","TRUE","Finish","Copper Trim","VD-007","7711","shopify","25","deny","manual","399.00","449.00","TRUE","TRUE","https://raw.githubusercontent.com/arcmonay/verdance/main/public/products/grove-smart-kitchen-composter.webp","Grove Smart Kitchen Composter","active"
"grove-barrel-tumbler-80l","Grove Barrel Tumbler 80L","<p>Wide-mouth outdoor barrel with aeration ports and a locking hatch. Sits on a low steel cradle.</p><ul><li>Material: Recycled HDPE</li><li>Size: 32"" × 30"" × 40""</li><li>Finish: Olive</li><li>Highlight: 80L capacity</li><li>Weight: 28 lb</li></ul>","Verdance","Composters","composters, outdoor, barrel","TRUE","Finish","Olive","VD-008","12701","shopify","25","deny","manual","159.00","179.00","TRUE","TRUE","https://raw.githubusercontent.com/arcmonay/verdance/main/public/products/grove-barrel-tumbler-80l.webp","Grove Barrel Tumbler 80L","active"
"fern-compact-countertop-composter","Fern Compact Countertop Composter","<p>Manual crank plus charcoal lid for renters who do not want another plug. 3L inner pail.</p><ul><li>Material: Bamboo + stainless</li><li>Size: 8"" × 8"" × 10""</li><li>Finish: Natural Bamboo</li><li>Highlight: Compact 3L</li><li>Weight: 6 lb</li></ul>","Verdance","Composters","composters, kitchen, manual","TRUE","Finish","Natural Bamboo","VD-009","2722","shopify","25","deny","manual","89.00","99.00","TRUE","TRUE","https://raw.githubusercontent.com/arcmonay/verdance/main/public/products/fern-compact-countertop-composter.webp","Fern Compact Countertop Composter","active"
"fern-patio-tumbler","Fern Patio Tumbler","<p>Narrow-footprint tumbler for balconies and small patios. UV-stable drum.</p><ul><li>Material: Recycled HDPE</li><li>Size: 22"" × 20"" × 32""</li><li>Finish: Terra</li><li>Highlight: Patio-scale</li><li>Weight: 16 lb</li></ul>","Verdance","Composters","composters, outdoor, patio","TRUE","Finish","Terra","VD-010","7257","shopify","25","deny","manual","99.00","119.00","TRUE","TRUE","https://raw.githubusercontent.com/arcmonay/verdance/main/public/products/fern-patio-tumbler.webp","Fern Patio Tumbler","active"
"alder-kitchen-digester-pro","Alder Kitchen Digester Pro","<p>14L professional-style electric unit with a stainless inner bowl and extra-long filter life.</p><ul><li>Material: Stainless steel</li><li>Size: 14"" × 13"" × 16""</li><li>Finish: Brushed Steel</li><li>Highlight: 14L capacity</li><li>Weight: 24 lb</li></ul>","Verdance","Composters","composters, kitchen, pro","TRUE","Finish","Brushed Steel","VD-011","10886","shopify","25","deny","manual","449.00","519.00","TRUE","TRUE","https://raw.githubusercontent.com/arcmonay/verdance/main/public/products/alder-kitchen-digester-pro.webp","Alder Kitchen Digester Pro","active"
"alder-garden-tumbler-xl","Alder Garden Tumbler XL","<p>120L dual-batch outdoor system for serious yards. Reinforced axle and rain cover.</p><ul><li>Material: Recycled HDPE</li><li>Size: 48"" × 30"" × 44""</li><li>Finish: Deep Green</li><li>Highlight: 120L capacity</li><li>Weight: 41 lb</li></ul>","Verdance","Composters","composters, outdoor, xl","TRUE","Finish","Deep Green","VD-012","18597","shopify","25","deny","manual","219.00","249.00","TRUE","TRUE","https://raw.githubusercontent.com/arcmonay/verdance/main/public/products/alder-garden-tumbler-xl.webp","Alder Garden Tumbler XL","active"
"willow-smart-bin-composter","Willow Smart Bin Composter","<p>Looks like a kitchen bin, runs a low-heat cycle, and locks odor with a gasketed lid.</p><ul><li>Material: Recycled ABS</li><li>Size: 13"" × 11"" × 18""</li><li>Finish: Soft Black</li><li>Highlight: Odor-lock</li><li>Weight: 16 lb</li></ul>","Verdance","Composters","composters, kitchen, bin","TRUE","Finish","Soft Black","VD-013","7257","shopify","25","deny","manual","319.00","359.00","TRUE","TRUE","https://raw.githubusercontent.com/arcmonay/verdance/main/public/products/willow-smart-bin-composter.webp","Willow Smart Bin Composter","active"
"willow-dual-tumbler-set","Willow Dual Tumbler Set","<p>Paired 40L drums on one stand so you can separate food waste from yard clippings.</p><ul><li>Material: Recycled HDPE</li><li>Size: 46"" × 24"" × 36""</li><li>Finish: Moss</li><li>Highlight: Twin drums</li><li>Weight: 36 lb</li></ul>","Verdance","Composters","composters, outdoor, dual","TRUE","Finish","Moss","VD-014","16329","shopify","25","deny","manual","249.00","279.00","TRUE","TRUE","https://raw.githubusercontent.com/arcmonay/verdance/main/public/products/willow-dual-tumbler-set.webp","Willow Dual Tumbler Set","active"
"sage-countertop-digester","Sage Countertop Digester","<p>Charcoal-filter electric unit with a ceramic-look shell. Designed to sit out, not hide.</p><ul><li>Material: Recycled ABS</li><li>Size: 11"" × 10"" × 13""</li><li>Finish: Sage Ceramic</li><li>Highlight: Charcoal filter</li><li>Weight: 14 lb</li></ul>","Verdance","Composters","composters, kitchen, filter","TRUE","Finish","Sage Ceramic","VD-015","6350","shopify","25","deny","manual","259.00","289.00","TRUE","TRUE","https://raw.githubusercontent.com/arcmonay/verdance/main/public/products/sage-countertop-digester.webp","Sage Countertop Digester","active"
"sage-outdoor-composter-65l","Sage Outdoor Composter 65L","<p>Hex-drum outdoor tumbler with a wide loading door and ground-stake kit.</p><ul><li>Material: Recycled HDPE</li><li>Size: 30"" × 28"" × 38""</li><li>Finish: Weathered Green</li><li>Highlight: 65L capacity</li><li>Weight: 25 lb</li></ul>","Verdance","Composters","composters, outdoor, tumbler","TRUE","Finish","Weathered Green","VD-016","11340","shopify","25","deny","manual","139.00","159.00","TRUE","TRUE","https://raw.githubusercontent.com/arcmonay/verdance/main/public/products/sage-outdoor-composter-65l.webp","Sage Outdoor Composter 65L","active"
"canopy-sensor-can-13-gal","Canopy Sensor Can 13 Gal","<p>Motion-open kitchen can with a slow-close lid and fingerprint-resistant shell.</p><ul><li>Material: Stainless steel</li><li>Size: 16"" × 12"" × 28""</li><li>Finish: Brushed Steel</li><li>Highlight: Motion sensor</li><li>Weight: 12 lb</li></ul>","Verdance","Waste Systems","waste-systems, sensor, kitchen","TRUE","Finish","Brushed Steel","VD-017","5443","shopify","25","deny","manual","129.00","149.00","TRUE","TRUE","https://raw.githubusercontent.com/arcmonay/verdance/main/public/products/canopy-sensor-can-13-gal.webp","Canopy Sensor Can 13 Gal","active"
"canopy-dual-recycle-station","Canopy Dual Recycle Station","<p>Side-by-side landfill and recycle streams with labeled inner buckets.</p><ul><li>Material: Powder-coated steel</li><li>Size: 24"" × 14"" × 28""</li><li>Finish: Matte Sage</li><li>Highlight: Dual stream</li><li>Weight: 22 lb</li></ul>","Verdance","Waste Systems","waste-systems, recycle, dual","TRUE","Finish","Matte Sage","VD-018","9979","shopify","25","deny","manual","189.00","219.00","TRUE","TRUE","https://raw.githubusercontent.com/arcmonay/verdance/main/public/products/canopy-dual-recycle-station.webp","Canopy Dual Recycle Station","active"
"root-automatic-kitchen-bin","Root Automatic Kitchen Bin","<p>IR sensor, soft-close, and a removable liner ring that holds compostable bags.</p><ul><li>Material: Stainless steel</li><li>Size: 14"" × 11"" × 26""</li><li>Finish: Soft Black</li><li>Highlight: Soft-close</li><li>Weight: 10 lb</li></ul>","Verdance","Waste Systems","waste-systems, sensor, kitchen","TRUE","Finish","Soft Black","VD-019","4536","shopify","25","deny","manual","99.00","119.00","TRUE","TRUE","https://raw.githubusercontent.com/arcmonay/verdance/main/public/products/root-automatic-kitchen-bin.webp","Root Automatic Kitchen Bin","active"
"root-slim-recycle-dispenser","Root Slim Recycle Dispenser","<p>Narrow recycle-only can for galley kitchens. Bag-cinch collar included.</p><ul><li>Material: Recycled ABS</li><li>Size: 10"" × 10"" × 26""</li><li>Finish: Cloud</li><li>Highlight: Slim profile</li><li>Weight: 7 lb</li></ul>","Verdance","Waste Systems","waste-systems, recycle, slim","TRUE","Finish","Cloud","VD-020","3175","shopify","25","deny","manual","79.00","89.00","TRUE","TRUE","https://raw.githubusercontent.com/arcmonay/verdance/main/public/products/root-slim-recycle-dispenser.webp","Root Slim Recycle Dispenser","active"
"moss-touchless-can-45l","Moss Touchless Can 45L","<p>Large-capacity sensor can for busy kitchens. Battery or USB-C power.</p><ul><li>Material: Stainless steel</li><li>Size: 16"" × 13"" × 30""</li><li>Finish: Graphite</li><li>Highlight: 45L capacity</li><li>Weight: 14 lb</li></ul>","Verdance","Waste Systems","waste-systems, sensor, large","TRUE","Finish","Graphite","VD-021","6350","shopify","25","deny","manual","149.00","169.00","TRUE","TRUE","https://raw.githubusercontent.com/arcmonay/verdance/main/public/products/moss-touchless-can-45l.webp","Moss Touchless Can 45L","active"
"moss-compact-kitchen-compactor","Moss Compact Kitchen Compactor","<p>Under-counter compactor that reduces landfill volume without a full remodel.</p><ul><li>Material: Powder-coated steel</li><li>Size: 15"" × 22"" × 34""</li><li>Finish: White</li><li>Highlight: Compacts waste</li><li>Weight: 62 lb</li></ul>","Verdance","Waste Systems","waste-systems, compactor","TRUE","Finish","White","VD-022","28123","shopify","25","deny","manual","399.00","449.00","TRUE","TRUE","https://raw.githubusercontent.com/arcmonay/verdance/main/public/products/moss-compact-kitchen-compactor.webp","Moss Compact Kitchen Compactor","active"
"grove-sensor-can-stainless","Grove Sensor Can Stainless","<p>Mirror-finish sensor can with a quiet motor and child-lock button.</p><ul><li>Material: Stainless steel</li><li>Size: 15"" × 12"" × 27""</li><li>Finish: Mirror Steel</li><li>Highlight: Child lock</li><li>Weight: 13 lb</li></ul>","Verdance","Waste Systems","waste-systems, sensor","TRUE","Finish","Mirror Steel","VD-023","5897","shopify","25","deny","manual","169.00","189.00","TRUE","TRUE","https://raw.githubusercontent.com/arcmonay/verdance/main/public/products/grove-sensor-can-stainless.webp","Grove Sensor Can Stainless","active"
"grove-recycling-trio","Grove Recycling Trio","<p>Three labeled streams—landfill, recycle, compost—on a rolling base.</p><ul><li>Material: Powder-coated steel</li><li>Size: 32"" × 14"" × 28""</li><li>Finish: Forest</li><li>Highlight: Three streams</li><li>Weight: 28 lb</li></ul>","Verdance","Waste Systems","waste-systems, recycle, trio","TRUE","Finish","Forest","VD-024","12701","shopify","25","deny","manual","219.00","249.00","TRUE","TRUE","https://raw.githubusercontent.com/arcmonay/verdance/main/public/products/grove-recycling-trio.webp","Grove Recycling Trio","active"
"fern-pedal-free-slim-can","Fern Pedal-Free Slim Can","<p>Hands-free IR can in a 10-inch footprint. Ideal beside a prep counter.</p><ul><li>Material: Recycled ABS</li><li>Size: 10"" × 10"" × 24""</li><li>Finish: Sage</li><li>Highlight: Hands-free</li><li>Weight: 6 lb</li></ul>","Verdance","Waste Systems","waste-systems, sensor, slim","TRUE","Finish","Sage","VD-025","2722","shopify","25","deny","manual","89.00","99.00","TRUE","TRUE","https://raw.githubusercontent.com/arcmonay/verdance/main/public/products/fern-pedal-free-slim-can.webp","Fern Pedal-Free Slim Can","active"
"fern-under-sink-recycle-drawer","Fern Under-Sink Recycle Drawer","<p>Pull-out dual bins that mount to a cabinet floor. Soft-close slides.</p><ul><li>Material: Recycled PP</li><li>Size: 18"" × 14"" × 16""</li><li>Finish: Natural</li><li>Highlight: Under-sink</li><li>Weight: 9 lb</li></ul>","Verdance","Waste Systems","waste-systems, recycle, cabinet","TRUE","Finish","Natural","VD-026","4082","shopify","25","deny","manual","119.00","139.00","TRUE","TRUE","https://raw.githubusercontent.com/arcmonay/verdance/main/public/products/fern-under-sink-recycle-drawer.webp","Fern Under-Sink Recycle Drawer","active"
"alder-kitchen-compactor","Alder Kitchen Compactor","<p>Full-size kitchen compactor with odor filter and a reusable ram bag.</p><ul><li>Material: Stainless steel</li><li>Size: 15"" × 24"" × 35""</li><li>Finish: Brushed Steel</li><li>Highlight: Full-size compact</li><li>Weight: 78 lb</li></ul>","Verdance","Waste Systems","waste-systems, compactor","TRUE","Finish","Brushed Steel","VD-027","35380","shopify","25","deny","manual","449.00","519.00","TRUE","TRUE","https://raw.githubusercontent.com/arcmonay/verdance/main/public/products/alder-kitchen-compactor.webp","Alder Kitchen Compactor","active"
"alder-dual-stream-sensor-can","Alder Dual-Stream Sensor Can","<p>Split lid: one sensor for trash, one for recycle. Shared stainless body.</p><ul><li>Material: Stainless steel</li><li>Size: 22"" × 13"" × 28""</li><li>Finish: Graphite</li><li>Highlight: Split sensor</li><li>Weight: 18 lb</li></ul>","Verdance","Waste Systems","waste-systems, sensor, dual","TRUE","Finish","Graphite","VD-028","8165","shopify","25","deny","manual","199.00","229.00","TRUE","TRUE","https://raw.githubusercontent.com/arcmonay/verdance/main/public/products/alder-dual-stream-sensor-can.webp","Alder Dual-Stream Sensor Can","active"
"willow-hands-free-can-16-gal","Willow Hands-Free Can 16 Gal","<p>Wave-open lid, liner cinch, and a sealed base that wipes clean.</p><ul><li>Material: Stainless steel</li><li>Size: 16"" × 13"" × 29""</li><li>Finish: Matte Nickel</li><li>Highlight: 16 gal</li><li>Weight: 13 lb</li></ul>","Verdance","Waste Systems","waste-systems, sensor","TRUE","Finish","Matte Nickel","VD-029","5897","shopify","25","deny","manual","139.00","159.00","TRUE","TRUE","https://raw.githubusercontent.com/arcmonay/verdance/main/public/products/willow-hands-free-can-16-gal.webp","Willow Hands-Free Can 16 Gal","active"
"willow-recycle-bag-dispenser","Willow Recycle Bag Dispenser","<p>Wall or cabinet dispenser for compostable and recycle bags. Spring feed.</p><ul><li>Material: Recycled ABS</li><li>Size: 8"" × 4"" × 10""</li><li>Finish: Sage</li><li>Highlight: Bag dispenser</li><li>Weight: 2 lb</li></ul>","Verdance","Waste Systems","waste-systems, recycle, bags","TRUE","Finish","Sage","VD-030","907","shopify","25","deny","manual","49.00","59.00","TRUE","TRUE","https://raw.githubusercontent.com/arcmonay/verdance/main/public/products/willow-recycle-bag-dispenser.webp","Willow Recycle Bag Dispenser","active"
"sage-sensor-can-matte","Sage Sensor Can Matte","<p>Matte-coated sensor can that hides fingerprints. 13-gallon liner fit.</p><ul><li>Material: Powder-coated steel</li><li>Size: 15"" × 12"" × 27""</li><li>Finish: Matte Sage</li><li>Highlight: Fingerprint-hide</li><li>Weight: 11 lb</li></ul>","Verdance","Waste Systems","waste-systems, sensor","TRUE","Finish","Matte Sage","VD-031","4990","shopify","25","deny","manual","119.00","139.00","TRUE","TRUE","https://raw.githubusercontent.com/arcmonay/verdance/main/public/products/sage-sensor-can-matte.webp","Sage Sensor Can Matte","active"
"sage-apartment-compactor","Sage Apartment Compactor","<p>Half-height compactor for rentals and small kitchens. Rolls out on casters.</p><ul><li>Material: Powder-coated steel</li><li>Size: 16"" × 20"" × 28""</li><li>Finish: Soft White</li><li>Highlight: Apartment-scale</li><li>Weight: 48 lb</li></ul>","Verdance","Waste Systems","waste-systems, compactor","TRUE","Finish","Soft White","VD-032","21772","shopify","25","deny","manual","329.00","369.00","TRUE","TRUE","https://raw.githubusercontent.com/arcmonay/verdance/main/public/products/sage-apartment-compactor.webp","Sage Apartment Compactor","active"
"canopy-energy-star-dehumidifier-30-pint","Canopy Energy Star Dehumidifier 30 Pint","<p>Bedroom and living-room unit with auto-defrost and a washable filter.</p><ul><li>Material: Recycled ABS</li><li>Size: 14"" × 11"" × 20""</li><li>Finish: Soft White</li><li>Highlight: Energy Star · 30 pint</li><li>Weight: 32 lb</li></ul>","Verdance","Dehumidifiers","dehumidifiers, energy-star, 30-pint","TRUE","Finish","Soft White","VD-033","14515","shopify","25","deny","manual","229.00","259.00","TRUE","TRUE","https://raw.githubusercontent.com/arcmonay/verdance/main/public/products/canopy-energy-star-dehumidifier-30-pint.webp","Canopy Energy Star Dehumidifier 30 Pint","active"
"canopy-compact-bedroom-dehumidifier","Canopy Compact Bedroom Dehumidifier","<p>Low-noise 20-pint class unit with a night dimmer on the display.</p><ul><li>Material: Recycled ABS</li><li>Size: 12"" × 9"" × 17""</li><li>Finish: Cloud</li><li>Highlight: Quiet night mode</li><li>Weight: 24 lb</li></ul>","Verdance","Dehumidifiers","dehumidifiers, bedroom, quiet","TRUE","Finish","Cloud","VD-034","10886","shopify","25","deny","manual","159.00","179.00","TRUE","TRUE","https://raw.githubusercontent.com/arcmonay/verdance/main/public/products/canopy-compact-bedroom-dehumidifier.webp","Canopy Compact Bedroom Dehumidifier","active"
"root-basement-dehumidifier-50-pint","Root Basement Dehumidifier 50 Pint","<p>High-capacity Energy Star unit with a continuous-drain hose port.</p><ul><li>Material: Recycled ABS</li><li>Size: 16"" × 12"" × 24""</li><li>Finish: Graphite</li><li>Highlight: Energy Star · 50 pint</li><li>Weight: 42 lb</li></ul>","Verdance","Dehumidifiers","dehumidifiers, basement, energy-star","TRUE","Finish","Graphite","VD-035","19051","shopify","25","deny","manual","299.00","339.00","TRUE","TRUE","https://raw.githubusercontent.com/arcmonay/verdance/main/public/products/root-basement-dehumidifier-50-pint.webp","Root Basement Dehumidifier 50 Pint","active"
"root-crawl-space-dehumidifier","Root Crawl-Space Dehumidifier","<p>Low-profile unit for crawl spaces with a condensate pump option.</p><ul><li>Material: Powder-coated steel</li><li>Size: 21"" × 14"" × 12""</li><li>Finish: Slate</li><li>Highlight: Crawl-space fit</li><li>Weight: 45 lb</li></ul>","Verdance","Dehumidifiers","dehumidifiers, crawl-space","TRUE","Finish","Slate","VD-036","20412","shopify","25","deny","manual","349.00","389.00","TRUE","TRUE","https://raw.githubusercontent.com/arcmonay/verdance/main/public/products/root-crawl-space-dehumidifier.webp","Root Crawl-Space Dehumidifier","active"
"moss-quiet-dehumidifier-35-pint","Moss Quiet Dehumidifier 35 Pint","<p>Insulated compressor housing for open living rooms. Auto humidity set-point.</p><ul><li>Material: Recycled ABS</li><li>Size: 15"" × 11"" × 21""</li><li>Finish: Sage</li><li>Highlight: Whisper-quiet</li><li>Weight: 34 lb</li></ul>","Verdance","Dehumidifiers","dehumidifiers, quiet, 35-pint","TRUE","Finish","Sage","VD-037","15422","shopify","25","deny","manual","249.00","279.00","TRUE","TRUE","https://raw.githubusercontent.com/arcmonay/verdance/main/public/products/moss-quiet-dehumidifier-35-pint.webp","Moss Quiet Dehumidifier 35 Pint","active"
"moss-whole-room-dehumidifier","Moss Whole-Room Dehumidifier","<p>Wide-throw grille and a 1.5-gallon bucket with auto-shutoff.</p><ul><li>Material: Recycled ABS</li><li>Size: 16"" × 12"" × 23""</li><li>Finish: Forest</li><li>Highlight: Whole-room coverage</li><li>Weight: 38 lb</li></ul>","Verdance","Dehumidifiers","dehumidifiers, whole-room","TRUE","Finish","Forest","VD-038","17236","shopify","25","deny","manual","279.00","309.00","TRUE","TRUE","https://raw.githubusercontent.com/arcmonay/verdance/main/public/products/moss-whole-room-dehumidifier.webp","Moss Whole-Room Dehumidifier","active"
"grove-energy-star-dehumidifier-22-pint","Grove Energy Star Dehumidifier 22 Pint","<p>Small-room Energy Star unit for closets converted to offices.</p><ul><li>Material: Recycled ABS</li><li>Size: 13"" × 10"" × 18""</li><li>Finish: White</li><li>Highlight: Energy Star · 22 pint</li><li>Weight: 26 lb</li></ul>","Verdance","Dehumidifiers","dehumidifiers, energy-star","TRUE","Finish","White","VD-039","11793","shopify","25","deny","manual","189.00","209.00","TRUE","TRUE","https://raw.githubusercontent.com/arcmonay/verdance/main/public/products/grove-energy-star-dehumidifier-22-pint.webp","Grove Energy Star Dehumidifier 22 Pint","active"
"grove-smart-humidity-dehumidifier","Grove Smart Humidity Dehumidifier","<p>Wi-Fi humidity logging and a schedule that follows outdoor dew point.</p><ul><li>Material: Recycled ABS</li><li>Size: 15"" × 11"" × 22""</li><li>Finish: Graphite</li><li>Highlight: App humidity log</li><li>Weight: 36 lb</li></ul>","Verdance","Dehumidifiers","dehumidifiers, smart, energy-star","TRUE","Finish","Graphite","VD-040","16329","shopify","25","deny","manual","319.00","359.00","TRUE","TRUE","https://raw.githubusercontent.com/arcmonay/verdance/main/public/products/grove-smart-humidity-dehumidifier.webp","Grove Smart Humidity Dehumidifier","active"
"fern-portable-dehumidifier","Fern Portable Dehumidifier","<p>Carry-handle 16-pint unit for guest rooms and seasonal damp.</p><ul><li>Material: Recycled ABS</li><li>Size: 11"" × 8"" × 16""</li><li>Finish: Sage</li><li>Highlight: Portable 16 pint</li><li>Weight: 18 lb</li></ul>","Verdance","Dehumidifiers","dehumidifiers, portable","TRUE","Finish","Sage","VD-041","8165","shopify","25","deny","manual","139.00","159.00","TRUE","TRUE","https://raw.githubusercontent.com/arcmonay/verdance/main/public/products/fern-portable-dehumidifier.webp","Fern Portable Dehumidifier","active"
"fern-closet-dehumidifier-mini","Fern Closet Dehumidifier Mini","<p>Thermo-electric mini unit for closets, safes, and instrument cases.</p><ul><li>Material: Recycled ABS</li><li>Size: 7"" × 5"" × 9""</li><li>Finish: Soft White</li><li>Highlight: Closet-scale</li><li>Weight: 4 lb</li></ul>","Verdance","Dehumidifiers","dehumidifiers, mini, closet","TRUE","Finish","Soft White","VD-042","1814","shopify","25","deny","manual","79.00","89.00","TRUE","TRUE","https://raw.githubusercontent.com/arcmonay/verdance/main/public/products/fern-closet-dehumidifier-mini.webp","Fern Closet Dehumidifier Mini","active"
"alder-high-capacity-dehumidifier-70-pint","Alder High-Capacity Dehumidifier 70 Pint","<p>Workshop and large-basement Energy Star machine with pump-ready drain.</p><ul><li>Material: Powder-coated steel</li><li>Size: 17"" × 13"" × 26""</li><li>Finish: Brushed Steel</li><li>Highlight: Energy Star · 70 pint</li><li>Weight: 52 lb</li></ul>","Verdance","Dehumidifiers","dehumidifiers, energy-star, 70-pint","TRUE","Finish","Brushed Steel","VD-043","23587","shopify","25","deny","manual","399.00","449.00","TRUE","TRUE","https://raw.githubusercontent.com/arcmonay/verdance/main/public/products/alder-high-capacity-dehumidifier-70-pint.webp","Alder High-Capacity Dehumidifier 70 Pint","active"
"alder-smart-basement-dehumidifier","Alder Smart Basement Dehumidifier","<p>50-pint class with leak-sensor input and a filter-change reminder.</p><ul><li>Material: Recycled ABS</li><li>Size: 16"" × 12"" × 24""</li><li>Finish: Slate</li><li>Highlight: Leak-sensor ready</li><li>Weight: 44 lb</li></ul>","Verdance","Dehumidifiers","dehumidifiers, smart, basement","TRUE","Finish","Slate","VD-044","19958","shopify","25","deny","manual","369.00","409.00","TRUE","TRUE","https://raw.githubusercontent.com/arcmonay/verdance/main/public/products/alder-smart-basement-dehumidifier.webp","Alder Smart Basement Dehumidifier","active"
"willow-energy-star-dehumidifier-50-pint","Willow Energy Star Dehumidifier 50 Pint","<p>Classic 50-pint Energy Star with a washable pre-filter and caster set.</p><ul><li>Material: Recycled ABS</li><li>Size: 16"" × 12"" × 24""</li><li>Finish: White</li><li>Highlight: Energy Star · 50 pint</li><li>Weight: 41 lb</li></ul>","Verdance","Dehumidifiers","dehumidifiers, energy-star","TRUE","Finish","White","VD-045","18597","shopify","25","deny","manual","289.00","319.00","TRUE","TRUE","https://raw.githubusercontent.com/arcmonay/verdance/main/public/products/willow-energy-star-dehumidifier-50-pint.webp","Willow Energy Star Dehumidifier 50 Pint","active"
"sage-compact-dehumidifier-20-pint","Sage Compact Dehumidifier 20 Pint","<p>Apartment-scale unit with a discreet copper-trim grille.</p><ul><li>Material: Recycled ABS</li><li>Size: 12"" × 9"" × 17""</li><li>Finish: Sage</li><li>Highlight: 20 pint compact</li><li>Weight: 22 lb</li></ul>","Verdance","Dehumidifiers","dehumidifiers, compact","TRUE","Finish","Sage","VD-046","9979","shopify","25","deny","manual","169.00","189.00","TRUE","TRUE","https://raw.githubusercontent.com/arcmonay/verdance/main/public/products/sage-compact-dehumidifier-20-pint.webp","Sage Compact Dehumidifier 20 Pint","active"
"canopy-5-tray-produce-dryer","Canopy 5-Tray Produce Dryer","<p>Adjustable thermostat and a rear fan for even drying of fruit and herbs.</p><ul><li>Material: Recycled ABS</li><li>Size: 13"" × 13"" × 10""</li><li>Finish: White</li><li>Highlight: 5 trays</li><li>Weight: 9 lb</li></ul>","Verdance","Produce Dryers","produce-dryers, dehydrator, 5-tray","TRUE","Finish","White","VD-047","4082","shopify","25","deny","manual","129.00","149.00","TRUE","TRUE","https://raw.githubusercontent.com/arcmonay/verdance/main/public/products/canopy-5-tray-produce-dryer.webp","Canopy 5-Tray Produce Dryer","active"
"canopy-herb-drying-rack","Canopy Herb Drying Rack","<p>Stackable mesh racks for air-drying herbs without a motor.</p><ul><li>Material: Bamboo + mesh</li><li>Size: 14"" × 14"" × 18""</li><li>Finish: Natural</li><li>Highlight: Air-dry herbs</li><li>Weight: 3 lb</li></ul>","Verdance","Produce Dryers","produce-dryers, herbs, rack","TRUE","Finish","Natural","VD-048","1361","shopify","25","deny","manual","59.00","69.00","TRUE","TRUE","https://raw.githubusercontent.com/arcmonay/verdance/main/public/products/canopy-herb-drying-rack.webp","Canopy Herb Drying Rack","active"
"root-stainless-dehydrator-9-tray","Root Stainless Dehydrator 9-Tray","<p>Stainless trays, digital timer, and a rear-mounted fan for batch drying.</p><ul><li>Material: Stainless steel</li><li>Size: 17"" × 13"" × 15""</li><li>Finish: Brushed Steel</li><li>Highlight: 9 trays</li><li>Weight: 16 lb</li></ul>","Verdance","Produce Dryers","produce-dryers, dehydrator, stainless","TRUE","Finish","Brushed Steel","VD-049","7257","shopify","25","deny","manual","199.00","229.00","TRUE","TRUE","https://raw.githubusercontent.com/arcmonay/verdance/main/public/products/root-stainless-dehydrator-9-tray.webp","Root Stainless Dehydrator 9-Tray","active"
"root-compact-fruit-dryer","Root Compact Fruit Dryer","<p>Four-tray countertop dryer sized for berries and apple chips.</p><ul><li>Material: Recycled ABS</li><li>Size: 12"" × 12"" × 8""</li><li>Finish: Sage</li><li>Highlight: 4 trays</li><li>Weight: 6 lb</li></ul>","Verdance","Produce Dryers","produce-dryers, fruit, compact","TRUE","Finish","Sage","VD-050","2722","shopify","25","deny","manual","89.00","99.00","TRUE","TRUE","https://raw.githubusercontent.com/arcmonay/verdance/main/public/products/root-compact-fruit-dryer.webp","Root Compact Fruit Dryer","active"
"moss-digital-produce-dryer","Moss Digital Produce Dryer","<p>Preset programs for fruit, vegetables, jerky, and herbs. 6 trays.</p><ul><li>Material: Recycled ABS</li><li>Size: 14"" × 13"" × 12""</li><li>Finish: Graphite</li><li>Highlight: Digital presets</li><li>Weight: 11 lb</li></ul>","Verdance","Produce Dryers","produce-dryers, digital","TRUE","Finish","Graphite","VD-051","4990","shopify","25","deny","manual","159.00","179.00","TRUE","TRUE","https://raw.githubusercontent.com/arcmonay/verdance/main/public/products/moss-digital-produce-dryer.webp","Moss Digital Produce Dryer","active"
"moss-mesh-herb-dryer","Moss Mesh Herb Dryer","<p>Hanging mesh tower for garages and pantries. Collapses for storage.</p><ul><li>Material: Mesh + steel</li><li>Size: 12"" × 12"" × 36""</li><li>Finish: Forest</li><li>Highlight: Hanging tower</li><li>Weight: 2 lb</li></ul>","Verdance","Produce Dryers","produce-dryers, herbs","TRUE","Finish","Forest","VD-052","907","shopify","25","deny","manual","49.00","59.00","TRUE","TRUE","https://raw.githubusercontent.com/arcmonay/verdance/main/public/products/moss-mesh-herb-dryer.webp","Moss Mesh Herb Dryer","active"
"grove-6-tray-food-dehydrator","Grove 6-Tray Food Dehydrator","<p>Transparent door and a rear fan. Includes fruit-leather sheets.</p><ul><li>Material: Recycled ABS</li><li>Size: 13"" × 13"" × 12""</li><li>Finish: White</li><li>Highlight: 6 trays + sheets</li><li>Weight: 10 lb</li></ul>","Verdance","Produce Dryers","produce-dryers, dehydrator","TRUE","Finish","White","VD-053","4536","shopify","25","deny","manual","139.00","159.00","TRUE","TRUE","https://raw.githubusercontent.com/arcmonay/verdance/main/public/products/grove-6-tray-food-dehydrator.webp","Grove 6-Tray Food Dehydrator","active"
"grove-solar-assist-dryer","Grove Solar-Assist Dryer","<p>Passive solar cabinet with a small backup fan for cloudy days.</p><ul><li>Material: Cedar + glass</li><li>Size: 24"" × 16"" × 36""</li><li>Finish: Natural Cedar</li><li>Highlight: Solar-assist</li><li>Weight: 28 lb</li></ul>","Verdance","Produce Dryers","produce-dryers, solar, outdoor","TRUE","Finish","Natural Cedar","VD-054","12701","shopify","25","deny","manual","179.00","199.00","TRUE","TRUE","https://raw.githubusercontent.com/arcmonay/verdance/main/public/products/grove-solar-assist-dryer.webp","Grove Solar-Assist Dryer","active"
"fern-countertop-dehydrator","Fern Countertop Dehydrator","<p>Entry 5-tray dryer with a simple analog dial. Quiet enough for overnight.</p><ul><li>Material: Recycled ABS</li><li>Size: 13"" × 13"" × 9""</li><li>Finish: Cloud</li><li>Highlight: Analog 5-tray</li><li>Weight: 8 lb</li></ul>","Verdance","Produce Dryers","produce-dryers, entry","TRUE","Finish","Cloud","VD-055","3629","shopify","25","deny","manual","99.00","109.00","TRUE","TRUE","https://raw.githubusercontent.com/arcmonay/verdance/main/public/products/fern-countertop-dehydrator.webp","Fern Countertop Dehydrator","active"
"alder-pro-produce-dryer-10-tray","Alder Pro Produce Dryer 10-Tray","<p>Commercial-style 10-tray dryer with stainless racks and a 10-hour timer.</p><ul><li>Material: Stainless steel</li><li>Size: 18"" × 14"" × 17""</li><li>Finish: Brushed Steel</li><li>Highlight: 10 trays</li><li>Weight: 22 lb</li></ul>","Verdance","Produce Dryers","produce-dryers, pro, 10-tray","TRUE","Finish","Brushed Steel","VD-056","9979","shopify","25","deny","manual","249.00","279.00","TRUE","TRUE","https://raw.githubusercontent.com/arcmonay/verdance/main/public/products/alder-pro-produce-dryer-10-tray.webp","Alder Pro Produce Dryer 10-Tray","active"
"willow-stackable-herb-dryer","Willow Stackable Herb Dryer","<p>Five mesh trays that nest. Designed for mint, tea, and flower heads.</p><ul><li>Material: Bamboo + mesh</li><li>Size: 13"" × 13"" × 16""</li><li>Finish: Natural</li><li>Highlight: Stackable mesh</li><li>Weight: 4 lb</li></ul>","Verdance","Produce Dryers","produce-dryers, herbs","TRUE","Finish","Natural","VD-057","1814","shopify","25","deny","manual","69.00","79.00","TRUE","TRUE","https://raw.githubusercontent.com/arcmonay/verdance/main/public/products/willow-stackable-herb-dryer.webp","Willow Stackable Herb Dryer","active"
"sage-fruit-leather-dryer","Sage Fruit Leather Dryer","<p>Shallow trays and a low-temp setting for fruit leather and yogurt drops.</p><ul><li>Material: Recycled ABS</li><li>Size: 14"" × 14"" × 8""</li><li>Finish: Sage</li><li>Highlight: Leather sheets</li><li>Weight: 7 lb</li></ul>","Verdance","Produce Dryers","produce-dryers, fruit-leather","TRUE","Finish","Sage","VD-058","3175","shopify","25","deny","manual","119.00","139.00","TRUE","TRUE","https://raw.githubusercontent.com/arcmonay/verdance/main/public/products/sage-fruit-leather-dryer.webp","Sage Fruit Leather Dryer","active"
"canopy-learning-thermostat","Canopy Learning Thermostat","<p>Learns occupancy and trims HVAC runtime. Works with common 24V systems.</p><ul><li>Material: Recycled ABS + glass</li><li>Size: 4.5"" × 4.5"" × 1""</li><li>Finish: Soft White</li><li>Highlight: Learning schedule</li><li>Weight: 0.6 lb</li></ul>","Verdance","Smart Home","smart-home, thermostat","TRUE","Finish","Soft White","VD-059","272","shopify","25","deny","manual","199.00","229.00","TRUE","TRUE","https://raw.githubusercontent.com/arcmonay/verdance/main/public/products/canopy-learning-thermostat.webp","Canopy Learning Thermostat","active"
"canopy-leak-sensor-3-pack","Canopy Leak Sensor 3-Pack","<p>Puck sensors for sinks, water heaters, and washing machines. 2-year battery.</p><ul><li>Material: Recycled ABS</li><li>Size: 2.4"" diameter</li><li>Finish: White</li><li>Highlight: 3-pack sensors</li><li>Weight: 0.4 lb</li></ul>","Verdance","Smart Home","smart-home, leak","TRUE","Finish","White","VD-060","181","shopify","25","deny","manual","59.00","69.00","TRUE","TRUE","https://raw.githubusercontent.com/arcmonay/verdance/main/public/products/canopy-leak-sensor-3-pack.webp","Canopy Leak Sensor 3-Pack","active"
"root-energy-monitor-hub","Root Energy Monitor Hub","<p>Clamp-on whole-panel monitor with a live watt display in the app.</p><ul><li>Material: Recycled ABS</li><li>Size: 4"" × 3"" × 1.5""</li><li>Finish: Graphite</li><li>Highlight: Whole-home watts</li><li>Weight: 0.8 lb</li></ul>","Verdance","Smart Home","smart-home, energy","TRUE","Finish","Graphite","VD-061","363","shopify","25","deny","manual","129.00","149.00","TRUE","TRUE","https://raw.githubusercontent.com/arcmonay/verdance/main/public/products/root-energy-monitor-hub.webp","Root Energy Monitor Hub","active"
"root-smart-plug-duo","Root Smart Plug Duo","<p>Two outdoor-rated indoor plugs with energy reporting per outlet.</p><ul><li>Material: Recycled ABS</li><li>Size: 2.5"" × 1.5"" × 1.5""</li><li>Finish: White</li><li>Highlight: Energy reporting</li><li>Weight: 0.3 lb</li></ul>","Verdance","Smart Home","smart-home, plug","TRUE","Finish","White","VD-062","136","shopify","25","deny","manual","29.00","35.00","TRUE","TRUE","https://raw.githubusercontent.com/arcmonay/verdance/main/public/products/root-smart-plug-duo.webp","Root Smart Plug Duo","active"
"moss-air-quality-monitor","Moss Air Quality Monitor","<p>PM2.5, CO2, and humidity on a dimmable e-ink style display.</p><ul><li>Material: Recycled ABS + aluminum</li><li>Size: 5"" × 3.2"" × 1.2""</li><li>Finish: Sage</li><li>Highlight: PM2.5 + CO2</li><li>Weight: 0.7 lb</li></ul>","Verdance","Smart Home","smart-home, air-quality","TRUE","Finish","Sage","VD-063","318","shopify","25","deny","manual","149.00","169.00","TRUE","TRUE","https://raw.githubusercontent.com/arcmonay/verdance/main/public/products/moss-air-quality-monitor.webp","Moss Air Quality Monitor","active"
"moss-leak-freeze-sensor","Moss Leak + Freeze Sensor","<p>Detects water and freeze events on pipes. Magnetic mount included.</p><ul><li>Material: Recycled ABS</li><li>Size: 3"" × 1.5"" × 0.8""</li><li>Finish: Graphite</li><li>Highlight: Leak + freeze</li><li>Weight: 0.2 lb</li></ul>","Verdance","Smart Home","smart-home, leak, freeze","TRUE","Finish","Graphite","VD-064","91","shopify","25","deny","manual","49.00","59.00","TRUE","TRUE","https://raw.githubusercontent.com/arcmonay/verdance/main/public/products/moss-leak-freeze-sensor.webp","Moss Leak + Freeze Sensor","active"
"grove-smart-thermostat","Grove Smart Thermostat","<p>Simple heat/cool thermostat with a copper-trim bezel and geofencing.</p><ul><li>Material: Recycled ABS</li><li>Size: 4.4"" × 4.4"" × 1""</li><li>Finish: Copper Trim</li><li>Highlight: Geofencing</li><li>Weight: 0.5 lb</li></ul>","Verdance","Smart Home","smart-home, thermostat","TRUE","Finish","Copper Trim","VD-065","227","shopify","25","deny","manual","179.00","199.00","TRUE","TRUE","https://raw.githubusercontent.com/arcmonay/verdance/main/public/products/grove-smart-thermostat.webp","Grove Smart Thermostat","active"
"grove-whole-home-energy-monitor","Grove Whole-Home Energy Monitor","<p>Dual-clamp monitor plus two branch sensors for solar or EV circuits.</p><ul><li>Material: Recycled ABS</li><li>Size: 5"" × 3.5"" × 1.6""</li><li>Finish: Slate</li><li>Highlight: Dual clamp + branches</li><li>Weight: 1.1 lb</li></ul>","Verdance","Smart Home","smart-home, energy, solar","TRUE","Finish","Slate","VD-066","499","shopify","25","deny","manual","199.00","229.00","TRUE","TRUE","https://raw.githubusercontent.com/arcmonay/verdance/main/public/products/grove-whole-home-energy-monitor.webp","Grove Whole-Home Energy Monitor","active"
"fern-indoor-air-quality-sensor","Fern Indoor Air Quality Sensor","<p>Compact desk sensor for CO2 and VOC. USB-C powered.</p><ul><li>Material: Recycled ABS</li><li>Size: 3.2"" × 3.2"" × 1""</li><li>Finish: White</li><li>Highlight: CO2 + VOC</li><li>Weight: 0.4 lb</li></ul>","Verdance","Smart Home","smart-home, air-quality","TRUE","Finish","White","VD-067","181","shopify","25","deny","manual","99.00","119.00","TRUE","TRUE","https://raw.githubusercontent.com/arcmonay/verdance/main/public/products/fern-indoor-air-quality-sensor.webp","Fern Indoor Air Quality Sensor","active"
"fern-smart-plug-4-pack","Fern Smart Plug 4-Pack","<p>Four indoor plugs with schedules and a combined energy dashboard.</p><ul><li>Material: Recycled ABS</li><li>Size: 2.4"" × 1.4"" × 1.4""</li><li>Finish: White</li><li>Highlight: 4-pack plugs</li><li>Weight: 0.6 lb</li></ul>","Verdance","Smart Home","smart-home, plug","TRUE","Finish","White","VD-068","272","shopify","25","deny","manual","45.00","55.00","TRUE","TRUE","https://raw.githubusercontent.com/arcmonay/verdance/main/public/products/fern-smart-plug-4-pack.webp","Fern Smart Plug 4-Pack","active"
"alder-climate-thermostat","Alder Climate Thermostat","<p>Heat-pump aware thermostat with humidity assist and a quiet click relay.</p><ul><li>Material: Aluminum + glass</li><li>Size: 4.6"" × 4.6"" × 1""</li><li>Finish: Brushed Steel</li><li>Highlight: Heat-pump ready</li><li>Weight: 0.7 lb</li></ul>","Verdance","Smart Home","smart-home, thermostat","TRUE","Finish","Brushed Steel","VD-069","318","shopify","25","deny","manual","229.00","259.00","TRUE","TRUE","https://raw.githubusercontent.com/arcmonay/verdance/main/public/products/alder-climate-thermostat.webp","Alder Climate Thermostat","active"
"alder-water-leak-sensor-kit","Alder Water Leak Sensor Kit","<p>Hub plus four puck sensors and a water-heater rope sensor.</p><ul><li>Material: Recycled ABS</li><li>Size: Kit box 8"" × 6""</li><li>Finish: Graphite</li><li>Highlight: Hub + 4 pucks</li><li>Weight: 1.2 lb</li></ul>","Verdance","Smart Home","smart-home, leak, kit","TRUE","Finish","Graphite","VD-070","544","shopify","25","deny","manual","79.00","89.00","TRUE","TRUE","https://raw.githubusercontent.com/arcmonay/verdance/main/public/products/alder-water-leak-sensor-kit.webp","Alder Water Leak Sensor Kit","active"
"willow-energy-monitor-display","Willow Energy Monitor Display","<p>In-kitchen display that shows live household watts without opening an app.</p><ul><li>Material: Recycled ABS + glass</li><li>Size: 6"" × 4"" × 1.2""</li><li>Finish: Sage</li><li>Highlight: Live watt display</li><li>Weight: 0.9 lb</li></ul>","Verdance","Smart Home","smart-home, energy, display","TRUE","Finish","Sage","VD-071","408","shopify","25","deny","manual","159.00","179.00","TRUE","TRUE","https://raw.githubusercontent.com/arcmonay/verdance/main/public/products/willow-energy-monitor-display.webp","Willow Energy Monitor Display","active"
"willow-smart-plug-outdoor","Willow Smart Plug Outdoor","<p>Weather-sealed outdoor plug with energy reporting and a dusk schedule.</p><ul><li>Material: Recycled ABS</li><li>Size: 3"" × 2"" × 1.8""</li><li>Finish: Slate</li><li>Highlight: Outdoor-rated</li><li>Weight: 0.4 lb</li></ul>","Verdance","Smart Home","smart-home, plug, outdoor","TRUE","Finish","Slate","VD-072","181","shopify","25","deny","manual","35.00","42.00","TRUE","TRUE","https://raw.githubusercontent.com/arcmonay/verdance/main/public/products/willow-smart-plug-outdoor.webp","Willow Smart Plug Outdoor","active"
"sage-air-quality-station","Sage Air Quality Station","<p>Wall or desk station with PM, CO2, temp, and humidity. Local-first data.</p><ul><li>Material: Recycled ABS</li><li>Size: 6"" × 3.5"" × 1.4""</li><li>Finish: Sage</li><li>Highlight: Local-first AQI</li><li>Weight: 0.8 lb</li></ul>","Verdance","Smart Home","smart-home, air-quality","TRUE","Finish","Sage","VD-073","363","shopify","25","deny","manual","189.00","219.00","TRUE","TRUE","https://raw.githubusercontent.com/arcmonay/verdance/main/public/products/sage-air-quality-station.webp","Sage Air Quality Station","active"
"sage-mini-leak-sensor","Sage Mini Leak Sensor","<p>Single puck for a dishwasher or fridge line. 3-year coin cell.</p><ul><li>Material: Recycled ABS</li><li>Size: 2.2"" diameter</li><li>Finish: White</li><li>Highlight: Single puck</li><li>Weight: 0.1 lb</li></ul>","Verdance","Smart Home","smart-home, leak","TRUE","Finish","White","VD-074","50","shopify","25","deny","manual","29.00","35.00","TRUE","TRUE","https://raw.githubusercontent.com/arcmonay/verdance/main/public/products/sage-mini-leak-sensor.webp","Sage Mini Leak Sensor","active"
"canopy-self-watering-planter","Canopy Self-Watering Planter","<p>Reservoir planter with a water-level window. Sized for herbs and greens.</p><ul><li>Material: Recycled PP</li><li>Size: 14"" × 7"" × 8""</li><li>Finish: Sage</li><li>Highlight: Self-watering</li><li>Weight: 3 lb</li></ul>","Verdance","Home & Garden","home-garden, planter","TRUE","Finish","Sage","VD-075","1361","shopify","25","deny","manual","79.00","89.00","TRUE","TRUE","https://raw.githubusercontent.com/arcmonay/verdance/main/public/products/canopy-self-watering-planter.webp","Canopy Self-Watering Planter","active"
"canopy-rain-barrel-50-gal","Canopy Rain Barrel 50 Gal","<p>Food-safe barrel with a screened inlet, overflow, and brass spigot.</p><ul><li>Material: Recycled HDPE</li><li>Size: 24"" × 24"" × 36""</li><li>Finish: Forest Green</li><li>Highlight: 50 gallon</li><li>Weight: 18 lb</li></ul>","Verdance","Home & Garden","home-garden, rain-barrel","TRUE","Finish","Forest Green","VD-076","8165","shopify","25","deny","manual","149.00","169.00","TRUE","TRUE","https://raw.githubusercontent.com/arcmonay/verdance/main/public/products/canopy-rain-barrel-50-gal.webp","Canopy Rain Barrel 50 Gal","active"
"root-full-spectrum-grow-light","Root Full-Spectrum Grow Light","<p>Bar light for seed starting and winter herbs. Hang or stand mount.</p><ul><li>Material: Aluminum</li><li>Size: 24"" × 3"" × 1.5""</li><li>Finish: Matte Black</li><li>Highlight: Full spectrum</li><li>Weight: 2.4 lb</li></ul>","Verdance","Home & Garden","home-garden, grow-light","TRUE","Finish","Matte Black","VD-077","1089","shopify","25","deny","manual","119.00","139.00","TRUE","TRUE","https://raw.githubusercontent.com/arcmonay/verdance/main/public/products/root-full-spectrum-grow-light.webp","Root Full-Spectrum Grow Light","active"
"root-drip-irrigation-starter","Root Drip Irrigation Starter","<p>Timer, 50 ft of line, and emitters for a raised-bed starter plot.</p><ul><li>Material: Recycled PE + ABS</li><li>Size: Kit box 12"" × 8""</li><li>Finish: Black</li><li>Highlight: 50 ft drip kit</li><li>Weight: 3.2 lb</li></ul>","Verdance","Home & Garden","home-garden, drip","TRUE","Finish","Black","VD-078","1451","shopify","25","deny","manual","59.00","69.00","TRUE","TRUE","https://raw.githubusercontent.com/arcmonay/verdance/main/public/products/root-drip-irrigation-starter.webp","Root Drip Irrigation Starter","active"
"moss-raised-planter-box","Moss Raised Planter Box","<p>Cedar-look recycled lumber box with a liner and optional trellis posts.</p><ul><li>Material: Recycled lumber</li><li>Size: 36"" × 16"" × 18""</li><li>Finish: Weathered Cedar</li><li>Highlight: Raised bed</li><li>Weight: 22 lb</li></ul>","Verdance","Home & Garden","home-garden, planter","TRUE","Finish","Weathered Cedar","VD-079","9979","shopify","25","deny","manual","129.00","149.00","TRUE","TRUE","https://raw.githubusercontent.com/arcmonay/verdance/main/public/products/moss-raised-planter-box.webp","Moss Raised Planter Box","active"
"moss-yard-compost-tumbler","Moss Yard Compost Tumbler","<p>Garden-side tumbler distinct from the kitchen line. 60L dual hatch.</p><ul><li>Material: Recycled HDPE</li><li>Size: 30"" × 26"" × 38""</li><li>Finish: Olive</li><li>Highlight: 60L yard tumbler</li><li>Weight: 27 lb</li></ul>","Verdance","Home & Garden","home-garden, tumbler, yard","TRUE","Finish","Olive","VD-080","12247","shopify","25","deny","manual","169.00","189.00","TRUE","TRUE","https://raw.githubusercontent.com/arcmonay/verdance/main/public/products/moss-yard-compost-tumbler.webp","Moss Yard Compost Tumbler","active"
"grove-indoor-grow-light-bar","Grove Indoor Grow Light Bar","<p>Under-cabinet bar for kitchen herbs. 3000–5000K tunable.</p><ul><li>Material: Aluminum</li><li>Size: 18"" × 2"" × 1""</li><li>Finish: White</li><li>Highlight: Tunable spectrum</li><li>Weight: 1.6 lb</li></ul>","Verdance","Home & Garden","home-garden, grow-light","TRUE","Finish","White","VD-081","726","shopify","25","deny","manual","89.00","99.00","TRUE","TRUE","https://raw.githubusercontent.com/arcmonay/verdance/main/public/products/grove-indoor-grow-light-bar.webp","Grove Indoor Grow Light Bar","active"
"grove-rain-barrel-80-gal","Grove Rain Barrel 80 Gal","<p>Two-tap barrel with a linking kit for a second barrel later.</p><ul><li>Material: Recycled HDPE</li><li>Size: 28"" × 28"" × 42""</li><li>Finish: Slate</li><li>Highlight: 80 gallon</li><li>Weight: 24 lb</li></ul>","Verdance","Home & Garden","home-garden, rain-barrel","TRUE","Finish","Slate","VD-082","10886","shopify","25","deny","manual","199.00","229.00","TRUE","TRUE","https://raw.githubusercontent.com/arcmonay/verdance/main/public/products/grove-rain-barrel-80-gal.webp","Grove Rain Barrel 80 Gal","active"
"fern-herb-planter-trio","Fern Herb Planter Trio","<p>Three nested self-watering pots for a windowsill herb set.</p><ul><li>Material: Recycled PP</li><li>Size: 18"" × 6"" × 5""</li><li>Finish: Sage</li><li>Highlight: Trio pots</li><li>Weight: 2 lb</li></ul>","Verdance","Home & Garden","home-garden, planter, herbs","TRUE","Finish","Sage","VD-083","907","shopify","25","deny","manual","49.00","59.00","TRUE","TRUE","https://raw.githubusercontent.com/arcmonay/verdance/main/public/products/fern-herb-planter-trio.webp","Fern Herb Planter Trio","active"
"fern-micro-drip-kit","Fern Micro Drip Kit","<p>Balcony kit: 25 ft of line, six emitters, and a faucet timer.</p><ul><li>Material: Recycled PE</li><li>Size: Kit box 10"" × 6""</li><li>Finish: Black</li><li>Highlight: Balcony drip</li><li>Weight: 1.8 lb</li></ul>","Verdance","Home & Garden","home-garden, drip","TRUE","Finish","Black","VD-084","816","shopify","25","deny","manual","39.00","45.00","TRUE","TRUE","https://raw.githubusercontent.com/arcmonay/verdance/main/public/products/fern-micro-drip-kit.webp","Fern Micro Drip Kit","active"
"alder-greenhouse-grow-light","Alder Greenhouse Grow Light","<p>High-output bar pair for a small greenhouse or grow tent.</p><ul><li>Material: Aluminum</li><li>Size: 36"" × 3"" × 1.6""</li><li>Finish: Graphite</li><li>Highlight: Greenhouse pair</li><li>Weight: 4.2 lb</li></ul>","Verdance","Home & Garden","home-garden, grow-light","TRUE","Finish","Graphite","VD-085","1905","shopify","25","deny","manual","159.00","179.00","TRUE","TRUE","https://raw.githubusercontent.com/arcmonay/verdance/main/public/products/alder-greenhouse-grow-light.webp","Alder Greenhouse Grow Light","active"
"alder-garden-rain-catcher","Alder Garden Rain Catcher","<p>Downspout diverter plus a 40-gallon slim barrel for tight side yards.</p><ul><li>Material: Recycled HDPE</li><li>Size: 18"" × 18"" × 44""</li><li>Finish: Forest</li><li>Highlight: Slim 40 gal</li><li>Weight: 16 lb</li></ul>","Verdance","Home & Garden","home-garden, rain-barrel","TRUE","Finish","Forest","VD-086","7257","shopify","25","deny","manual","129.00","149.00","TRUE","TRUE","https://raw.githubusercontent.com/arcmonay/verdance/main/public/products/alder-garden-rain-catcher.webp","Alder Garden Rain Catcher","active"
"willow-vertical-planter","Willow Vertical Planter","<p>Wall-mount pocket planter for greens and strawberries.</p><ul><li>Material: Recycled felt + steel</li><li>Size: 24"" × 8"" × 36""</li><li>Finish: Moss</li><li>Highlight: Vertical pockets</li><li>Weight: 5 lb</li></ul>","Verdance","Home & Garden","home-garden, planter, vertical","TRUE","Finish","Moss","VD-087","2268","shopify","25","deny","manual","99.00","119.00","TRUE","TRUE","https://raw.githubusercontent.com/arcmonay/verdance/main/public/products/willow-vertical-planter.webp","Willow Vertical Planter","active"
"willow-drip-irrigation-pro","Willow Drip Irrigation Pro","<p>100 ft of line, pressure regulator, and 20 adjustable emitters.</p><ul><li>Material: Recycled PE + brass</li><li>Size: Kit box 14"" × 10""</li><li>Finish: Black</li><li>Highlight: 100 ft pro kit</li><li>Weight: 5.5 lb</li></ul>","Verdance","Home & Garden","home-garden, drip","TRUE","Finish","Black","VD-088","2495","shopify","25","deny","manual","89.00","99.00","TRUE","TRUE","https://raw.githubusercontent.com/arcmonay/verdance/main/public/products/willow-drip-irrigation-pro.webp","Willow Drip Irrigation Pro","active"
"sage-patio-planter","Sage Patio Planter","<p>Square self-watering planter with a copper-trim rim for patios.</p><ul><li>Material: Recycled PP</li><li>Size: 14"" × 14"" × 14""</li><li>Finish: Sage</li><li>Highlight: Patio reservoir</li><li>Weight: 4 lb</li></ul>","Verdance","Home & Garden","home-garden, planter","TRUE","Finish","Sage","VD-089","1814","shopify","25","deny","manual","69.00","79.00","TRUE","TRUE","https://raw.githubusercontent.com/arcmonay/verdance/main/public/products/sage-patio-planter.webp","Sage Patio Planter","active"
"sage-outdoor-compost-tumbler","Sage Outdoor Compost Tumbler","<p>Single 55L yard tumbler with a locking door and aeration spikes.</p><ul><li>Material: Recycled HDPE</li><li>Size: 28"" × 24"" × 36""</li><li>Finish: Deep Green</li><li>Highlight: 55L tumbler</li><li>Weight: 23 lb</li></ul>","Verdance","Home & Garden","home-garden, tumbler","TRUE","Finish","Deep Green","VD-090","10433","shopify","25","deny","manual","139.00","159.00","TRUE","TRUE","https://raw.githubusercontent.com/arcmonay/verdance/main/public/products/sage-outdoor-compost-tumbler.webp","Sage Outdoor Compost Tumbler","active"
"canopy-compost-filter-3-pack","Canopy Compost Filter 3-Pack","<p>Replacement carbon filters for Canopy and Sage kitchen composters.</p><ul><li>Material: Activated carbon</li><li>Size: 3 filters</li><li>Finish: Natural</li><li>Highlight: 3-pack filters</li><li>Weight: 0.5 lb</li></ul>","Verdance","Accessories","accessories, filter, compost","TRUE","Finish","Natural","VD-091","227","shopify","25","deny","manual","24.00","29.00","TRUE","TRUE","https://raw.githubusercontent.com/arcmonay/verdance/main/public/products/canopy-compost-filter-3-pack.webp","Canopy Compost Filter 3-Pack","active"
"canopy-compostable-bags-50","Canopy Compostable Bags 50","<p>Kitchen-composter liners, 3L and 4L fit. BPI-certified compostable.</p><ul><li>Material: Compostable film</li><li>Size: 50 bags</li><li>Finish: Natural</li><li>Highlight: 50 compostable bags</li><li>Weight: 0.6 lb</li></ul>","Verdance","Accessories","accessories, bags","TRUE","Finish","Natural","VD-092","272","shopify","25","deny","manual","18.00","22.00","TRUE","TRUE","https://raw.githubusercontent.com/arcmonay/verdance/main/public/products/canopy-compostable-bags-50.webp","Canopy Compostable Bags 50","active"
"root-replacement-tray-set","Root Replacement Tray Set","<p>Four extra dehydrator trays compatible with Root and Fern dryers.</p><ul><li>Material: Recycled PP</li><li>Size: 4 trays</li><li>Finish: Clear</li><li>Highlight: 4 extra trays</li><li>Weight: 1.4 lb</li></ul>","Verdance","Accessories","accessories, trays","TRUE","Finish","Clear","VD-093","635","shopify","25","deny","manual","29.00","35.00","TRUE","TRUE","https://raw.githubusercontent.com/arcmonay/verdance/main/public/products/root-replacement-tray-set.webp","Root Replacement Tray Set","active"
"root-charcoal-filter-pack","Root Charcoal Filter Pack","<p>Six-month filter pack for Root and Willow kitchen composters.</p><ul><li>Material: Activated carbon</li><li>Size: 2 filters</li><li>Finish: Black</li><li>Highlight: 6-month pack</li><li>Weight: 0.4 lb</li></ul>","Verdance","Accessories","accessories, filter","TRUE","Finish","Black","VD-094","181","shopify","25","deny","manual","22.00","26.00","TRUE","TRUE","https://raw.githubusercontent.com/arcmonay/verdance/main/public/products/root-charcoal-filter-pack.webp","Root Charcoal Filter Pack","active"
"moss-dehumidifier-filter","Moss Dehumidifier Filter","<p>Washable-plus-carbon filter for Moss and Grove 30–50 pint units.</p><ul><li>Material: Mesh + carbon</li><li>Size: 1 filter</li><li>Finish: White</li><li>Highlight: Washable filter</li><li>Weight: 0.3 lb</li></ul>","Verdance","Accessories","accessories, filter, dehumidifier","TRUE","Finish","White","VD-095","136","shopify","25","deny","manual","19.00","24.00","TRUE","TRUE","https://raw.githubusercontent.com/arcmonay/verdance/main/public/products/moss-dehumidifier-filter.webp","Moss Dehumidifier Filter","active"
"moss-sensor-can-liners","Moss Sensor Can Liners","<p>Fit 13-gallon sensor cans. 40-count, recycled content.</p><ul><li>Material: Recycled LDPE</li><li>Size: 40 liners</li><li>Finish: Clear</li><li>Highlight: 40 liners</li><li>Weight: 1.1 lb</li></ul>","Verdance","Accessories","accessories, bags, can","TRUE","Finish","Clear","VD-096","499","shopify","25","deny","manual","16.00","19.00","TRUE","TRUE","https://raw.githubusercontent.com/arcmonay/verdance/main/public/products/moss-sensor-can-liners.webp","Moss Sensor Can Liners","active"
"grove-grow-light-bulb","Grove Grow Light Bulb","<p>Full-spectrum E26 bulb for a single herb pot or seedling tray.</p><ul><li>Material: Aluminum + glass</li><li>Size: A19</li><li>Finish: White</li><li>Highlight: E26 full spectrum</li><li>Weight: 0.3 lb</li></ul>","Verdance","Accessories","accessories, grow-light","TRUE","Finish","White","VD-097","136","shopify","25","deny","manual","28.00","32.00","TRUE","TRUE","https://raw.githubusercontent.com/arcmonay/verdance/main/public/products/grove-grow-light-bulb.webp","Grove Grow Light Bulb","active"
"grove-compost-accelerator","Grove Compost Accelerator","<p>Microbial starter for outdoor tumblers. Six-month jar.</p><ul><li>Material: Organic inoculant</li><li>Size: 12 oz jar</li><li>Finish: Kraft</li><li>Highlight: Microbial starter</li><li>Weight: 0.8 lb</li></ul>","Verdance","Accessories","accessories, compost","TRUE","Finish","Kraft","VD-098","363","shopify","25","deny","manual","15.00","18.00","TRUE","TRUE","https://raw.githubusercontent.com/arcmonay/verdance/main/public/products/grove-compost-accelerator.webp","Grove Compost Accelerator","active"
"fern-leak-sensor-mount-kit","Fern Leak Sensor Mount Kit","<p>Adhesive and magnetic mounts for Fern and Sage leak pucks.</p><ul><li>Material: Steel + adhesive</li><li>Size: 4 mounts</li><li>Finish: Graphite</li><li>Highlight: Mount kit</li><li>Weight: 0.2 lb</li></ul>","Verdance","Accessories","accessories, leak, mount","TRUE","Finish","Graphite","VD-099","91","shopify","25","deny","manual","12.00","15.00","TRUE","TRUE","https://raw.githubusercontent.com/arcmonay/verdance/main/public/products/fern-leak-sensor-mount-kit.webp","Fern Leak Sensor Mount Kit","active"
"alder-dehydrator-sheet-pack","Alder Dehydrator Sheet Pack","<p>Non-stick fruit-leather sheets for Alder and Grove dryers. Set of 5.</p><ul><li>Material: PTFE-free sheet</li><li>Size: 5 sheets</li><li>Finish: Clear</li><li>Highlight: 5 leather sheets</li><li>Weight: 0.5 lb</li></ul>","Verdance","Accessories","accessories, sheets","TRUE","Finish","Clear","VD-100","227","shopify","25","deny","manual","18.00","22.00","TRUE","TRUE","https://raw.githubusercontent.com/arcmonay/verdance/main/public/products/alder-dehydrator-sheet-pack.webp","Alder Dehydrator Sheet Pack","active"
"willow-rain-barrel-spigot-kit","Willow Rain Barrel Spigot Kit","<p>Brass spigot, overflow, and linking hose for Willow and Canopy barrels.</p><ul><li>Material: Brass + HDPE</li><li>Size: Kit</li><li>Finish: Brass</li><li>Highlight: Spigot + overflow</li><li>Weight: 1.2 lb</li></ul>","Verdance","Accessories","accessories, rain-barrel","TRUE","Finish","Brass","VD-101","544","shopify","25","deny","manual","22.00","26.00","TRUE","TRUE","https://raw.githubusercontent.com/arcmonay/verdance/main/public/products/willow-rain-barrel-spigot-kit.webp","Willow Rain Barrel Spigot Kit","active"
"sage-replacement-compost-tray","Sage Replacement Compost Tray","<p>Inner bucket and lid gasket for Sage and Canopy electric composters.</p><ul><li>Material: Recycled ABS</li><li>Size: 1 tray</li><li>Finish: Sage</li><li>Highlight: Inner bucket</li><li>Weight: 2.1 lb</li></ul>","Verdance","Accessories","accessories, tray, compost","TRUE","Finish","Sage","VD-102","953","shopify","25","deny","manual","26.00","32.00","TRUE","TRUE","https://raw.githubusercontent.com/arcmonay/verdance/main/public/products/sage-replacement-compost-tray.webp","Sage Replacement Compost Tray","active"
"canopy-kitchen-starter-kit","Canopy Kitchen Starter Kit","<p>Canopy 12L kitchen composter, filter 3-pack, and 50 compostable bags.</p><ul><li>Material: Mixed</li><li>Size: Kit</li><li>Finish: Sage</li><li>Highlight: Composter + filters + bags</li><li>Weight: 20 lb</li></ul>","Verdance","Bundles","bundles, kit, kitchen","TRUE","Finish","Sage","VD-103","9072","shopify","25","deny","manual","449.00","519.00","TRUE","TRUE","https://raw.githubusercontent.com/arcmonay/verdance/main/public/products/canopy-kitchen-starter-kit.webp","Canopy Kitchen Starter Kit","active"
"root-zero-waste-kitchen-bundle","Root Zero-Waste Kitchen Bundle","<p>Root automatic bin, slim recycle dispenser, and a year of liners.</p><ul><li>Material: Mixed</li><li>Size: Kit</li><li>Finish: Graphite</li><li>Highlight: Bin + recycle + liners</li><li>Weight: 18 lb</li></ul>","Verdance","Bundles","bundles, kit, waste","TRUE","Finish","Graphite","VD-104","8165","shopify","25","deny","manual","399.00","459.00","TRUE","TRUE","https://raw.githubusercontent.com/arcmonay/verdance/main/public/products/root-zero-waste-kitchen-bundle.webp","Root Zero-Waste Kitchen Bundle","active"
"moss-smart-home-starter","Moss Smart Home Starter","<p>Moss air-quality monitor, leak 3-pack, and Fern smart plug 4-pack.</p><ul><li>Material: Mixed</li><li>Size: Kit</li><li>Finish: Sage</li><li>Highlight: AQI + leaks + plugs</li><li>Weight: 3 lb</li></ul>","Verdance","Bundles","bundles, kit, smart-home","TRUE","Finish","Sage","VD-105","1361","shopify","25","deny","manual","329.00","379.00","TRUE","TRUE","https://raw.githubusercontent.com/arcmonay/verdance/main/public/products/moss-smart-home-starter.webp","Moss Smart Home Starter","active"
"grove-garden-compost-bundle","Grove Garden + Compost Bundle","<p>Grove rain barrel 80 gal, Fern herb planter trio, and Grove compost accelerator.</p><ul><li>Material: Mixed</li><li>Size: Kit</li><li>Finish: Forest</li><li>Highlight: Barrel + planters</li><li>Weight: 28 lb</li></ul>","Verdance","Bundles","bundles, kit, garden","TRUE","Finish","Forest","VD-106","12701","shopify","25","deny","manual","379.00","429.00","TRUE","TRUE","https://raw.githubusercontent.com/arcmonay/verdance/main/public/products/grove-garden-compost-bundle.webp","Grove Garden + Compost Bundle","active"
"fern-apartment-eco-kit","Fern Apartment Eco Kit","<p>Fern compact countertop composter, Fern portable dehumidifier, and bag pack.</p><ul><li>Material: Mixed</li><li>Size: Kit</li><li>Finish: Cloud</li><li>Highlight: Apartment starter</li><li>Weight: 25 lb</li></ul>","Verdance","Bundles","bundles, kit, apartment","TRUE","Finish","Cloud","VD-107","11340","shopify","25","deny","manual","249.00","289.00","TRUE","TRUE","https://raw.githubusercontent.com/arcmonay/verdance/main/public/products/fern-apartment-eco-kit.webp","Fern Apartment Eco Kit","active"
"alder-whole-home-humidity-kit","Alder Whole-Home Humidity Kit","<p>Alder 70-pint dehumidifier plus a Moss leak + freeze sensor.</p><ul><li>Material: Mixed</li><li>Size: Kit</li><li>Finish: Steel</li><li>Highlight: 70 pint + leak sensor</li><li>Weight: 53 lb</li></ul>","Verdance","Bundles","bundles, kit, humidity","TRUE","Finish","Steel","VD-108","24040","shopify","25","deny","manual","499.00","559.00","TRUE","TRUE","https://raw.githubusercontent.com/arcmonay/verdance/main/public/products/alder-whole-home-humidity-kit.webp","Alder Whole-Home Humidity Kit","active"
"willow-harvest-dry-bundle","Willow Harvest + Dry Bundle","<p>Willow stackable herb dryer and Grove 6-tray food dehydrator.</p><ul><li>Material: Mixed</li><li>Size: Kit</li><li>Finish: Natural</li><li>Highlight: Herbs + fruit dryer</li><li>Weight: 14 lb</li></ul>","Verdance","Bundles","bundles, kit, harvest","TRUE","Finish","Natural","VD-109","6350","shopify","25","deny","manual","289.00","329.00","TRUE","TRUE","https://raw.githubusercontent.com/arcmonay/verdance/main/public/products/willow-harvest-dry-bundle.webp","Willow Harvest + Dry Bundle","active"
"sage-household-starter-kit","Sage Household Starter Kit","<p>Sage countertop digester, Sage sensor can, and Canopy leak sensor 3-pack.</p><ul><li>Material: Mixed</li><li>Size: Kit</li><li>Finish: Sage</li><li>Highlight: Digester + can + leaks</li><li>Weight: 26 lb</li></ul>","Verdance","Bundles","bundles, kit, household","TRUE","Finish","Sage","VD-110","11793","shopify","25","deny","manual","549.00","629.00","TRUE","TRUE","https://raw.githubusercontent.com/arcmonay/verdance/main/public/products/sage-household-starter-kit.webp","Sage Household Starter Kit","active"
"canopy-energy-watch-kit","Canopy Energy Watch Kit","<p>Canopy learning thermostat, Root energy monitor hub, and Willow outdoor plug.</p><ul><li>Material: Mixed</li><li>Size: Kit</li><li>Finish: White</li><li>Highlight: Thermostat + monitor</li><li>Weight: 2 lb</li></ul>","Verdance","Bundles","bundles, kit, energy","TRUE","Finish","White","VD-111","907","shopify","25","deny","manual","359.00","409.00","TRUE","TRUE","https://raw.githubusercontent.com/arcmonay/verdance/main/public/products/canopy-energy-watch-kit.webp","Canopy Energy Watch Kit","active"
"root-garden-irrigation-bundle","Root Garden Irrigation Bundle","<p>Root drip starter, Willow drip pro add-on, and Sage patio planter.</p><ul><li>Material: Mixed</li><li>Size: Kit</li><li>Finish: Black</li><li>Highlight: Drip + planter</li><li>Weight: 10 lb</li></ul>","Verdance","Bundles","bundles, kit, irrigation","TRUE","Finish","Black","VD-112","4536","shopify","25","deny","manual","199.00","229.00","TRUE","TRUE","https://raw.githubusercontent.com/arcmonay/verdance/main/public/products/root-garden-irrigation-bundle.webp","Root Garden Irrigation Bundle","active"